Sl No.,College Roll (Short),College Roll (Full),Student Name (English),Student Name (বাংলা),Academic Group,Section,Practical Group (Science),Student Mobile,Student NID / Birth Reg,Date of Birth,Blood Group,Gender,Religion,Student Email,Father's Name (English),Father's Name (বাংলা),Father's Mobile,Father's NID,Father's Occupation,Father's Monthly Income (BDT),Father's Annual Income (BDT),Mother's Name (English),Mother's Name (বাংলা),Mother's Mobile,Mother's NID,Local Guardian Name & Phone,Present Address,Permanent Address,District (English),জেলা (বাংলা),উপজেলা ও জেলা,SSC Exam Roll,SSC Registration No,SSC Board,SSC Passing Year,SSC GPA,Elective Subject,4th Subject (Optional),Application Form PDF,Payment Receipt PDF
1,139,1202526010139,Abdullah Al Adib,আবদুল্লাহ আল আদিব,HSC - Science,Section A,A2,01625329874,20097526001124282,04-Oct-2009,A+,Male,Islam,adibsigmaa@gmail.com,Md. Akbar Ali,মোঃ আকবর আলী,01733116384,19807513695910962,Teacher,3333,40000,Rozina Akter,রোজিনা আকতার,01718636978,1450323843,Mahmood Halimi 01712544248,"Vill: Charkoilash, Ward No. 01, Hatiya Pouroshova, Post Office: Hatiya, Post Code: 3890, Upazila: Hatiya, District: Noakali District: Noakhali","Vill: Charkoilash, Ward No. 01, Hatiya Pouroshova, Post Office: Hatiya, Post Code: 3890, Upazila: Hatiya, District: Noakali District: Noakhali",Noakhali,নোয়াখালী,"হাতিয়া, নোয়াখালী",196568,2211295908,Cumilla,2025,5.00,Higher Math,Statistics,#adib-196568-139.pdf,adib-196568-139.pdf
2,161,1202526010161,Naimul Islam (Shanto),নাইমুল ইসলাম (শান্ত),HSC - Science,Section B,B1,01613601161,20097513657108292,08-Dec-2009,O+,Male,Islam,mistersanto1000@gmail.com,NAZRUL ISLAM,নজরুল ইসলাম,01759034045,19687513657944161,Works in abroad,0,0,MARIUM BEGUM,মরিয়ম বেগম,01732853060,19857513657944162,,District: Noakhali,House: Nazrul Dubaier Badi Village:East Birbiri Dakghor: Jahajmara-3890 Ward no-06 District: Noakhali,Noakhali,নোয়াখালী,"জাহাজমারা, হাতিয়া, নোয়াখালী",196573,2211295913,Cumilla,2025,5.00,Biology,Higher Math,#shanto-196573-161.pdf,shanto-196573-161.pdf
3,164,1202526010164,Md Zahidul Islam,মোঃ জাহিদুল ইসলাম,HSC - Science,Section B,B1,01346869238,20107513676121278,07-Jan-2010,A+,Male,Islam,zahidsigma164@gmail.com,MD Zahirul Islam,মোঃ জাহিরুল ইসলাম,01747625973,19897513676966542,Service Holder,0,0,Merina Akter Akhi,মেরিনা আক্তার আঁখি,01746496782,19957513619001498,,"Village: Sunnerchar,Ward no.08, Hatiya Pourashava,Post office: Hatiya,Post code:3890 , Upzilla: Hatiya , District: Noakhali District: Noakhali","Village: Sunnerchar,Ward no.08, Hatiya Pourashava,Post office: Hatiya,Post code:3890 , Upzilla: Hatiya , District: Noakhali District: Noakhali",Noakhali,নোয়াখালী,"সুন্নেরচর, হাতিয়া, নোয়াখালী",196560,2211295899,Cumilla,2025,5.00,Higher Math,Biology,#Zahid-196560-164.pdf,Zahid-196560-164.pdf
4,326,1202526010326,Md. Shakil Sheikh,মোঃ শাকিল শেখ,HSC - Science,Section C,C1,01894503342,20096723306111722,08-Oct-2009,O+,Male,Islam,,MD. ALAM SHEIKH,মোঃ আলম শেখ,01718567402,2830103046,BUSINESS,15000,180000,ASMA BEGUM,আসমা বেগম,01821335668,5515833001,Md. Shamim sheikh,"Village: Kanchan, Post:Kanchan-1461, U.P: Rupganj, Dist:Narayanganj District: Narayanganj","Village: Kanchan, Post:Kanchan-1461, U.P: Rupganj, Dist:Narayanganj District: Narayanganj",Narayanganj,নারায়ণগঞ্জ,"কাঞ্চন, রূপগঞ্জ, নারায়ণগঞ্জ",129636,2210477983,Dhaka,2025,5.00,Biology,Higher Math,#Shakil-129636-326.pdf,Shakil-129636-326.pdf
5,008,1202526010008,Shafkat Rahman,শাফকাত রহমান,HSC - Science,Section A,A1,01996569688,20108827508063779,01-Jan-2009,O+,Male,Islam,shafkatrahmandkam@gmail.com,MD. SHAHJAHAN ALI,মোঃ শাহজাহান আলী,01726981550,8829408773679,Teacher,53980,647760,SHARMIN SULTANA,শারমিন সুলতানা,01729634496,8216379274,,Village : Deboi Post : Birabo Thana : Rupganj District: Narayanganj,"Village: Charnewargasa, Post : Ullapara R.S Thana : Ullapara District: Sirajganj",Sirajganj,সিরাজগঞ্জ,"চরনেওয়াদাগাছা, উল্লাপাড়া, সিরাজগঞ্জ",431899,2218986978,Madrasah,2025,5.00,Biology,Higher Math,#safkat-431899-008.pdf,safkat-431899-008.pdf
6,022,1202526010022,Shahriar Al Sakib Munshi,শাহরিয়ার আল সাকিব মুন্সী,HSC - Science,Section A,A1,01577203120,20081927008007668,23-Dec-2008,B+,Male,Islam,,Shahneowaz Munshi,শাহনেওয়াজ মুন্সী,01319061472,1918118566421,,0,0,Musammat Sirina Akter,মোসাম্মৎ শিরিনা আক্তার,01749269156,3284149030,"Sanjida Sultana Shanta 62 no house, opposite of comfort hospital, Green road, Dhaka 01319061472","Choto Alampur, Debidwar, Cumilla District: Comilla","Choto Alampur, Debidwar, Cumilla District: Comilla",Cumilla,কুমিল্লা,"ছোট আলমপুর, দেবীদ্বার, কুমিল্লা",150493,2211206546,Cumilla,2025,5.00,Biology,Higher Math,#munsi-150493-022.pdf,munsi-150493-022.pdf
7,122,1202526010122,Md. Mushfiqur Rahman,মোঃ মুশফিকুর রহমান মহিন,HSC - Science,Section A,A2,01767811792,20090925006022498,21-Aug-2009,A+,Male,Islam,mushfiq88bd@gmail.com,MD. KAMAL HOSSAIN,মোঃ কামাল হোসেন,01726787445,0916571524238,Job,20000,240000,LUTFUN NAHAR,লুৎফুন নাহার,01316538033,0916571524239,"MD. NURUL ISLAM Adarsha Para 6 no.ward, Charfassion,Bhola","Tenguri, Zirani, Savar,Dhaka District: Dhaka","South Sakuchia,Manpura,Bhola District: Bhola",Bhola,ভোলা,"দক্ষিণ সাকুচিয়া, মনপুরা, ভোলা",170222,2210580751,Dhaka,2025,5.00,Higher Math,Biology,#musfik-170222-122.pdf,musfik-170222-122.pdf
8,870,1202526010870,Taskin Rahman Esty,তাসকিন রহমান এস্টি,HSC - Science,Section F,F2,01974097612,20081591622101176,21-Aug-2008,O+,Male,Islam,dhakaiyyaesty@gmail.com,Mohammad Siddiqur Rahman,মুহাম্মদ সিদ্দিকুর রহমান,01714097613,9104510004,Banker,58333,700000,Anjuman Ara Arju,আঞ্জুমান আরা আরজু,01715370415,9151670859,"Tanvir Rahman Efty Opposite of Enam medical College,Enam Medical Hostel, Thana Stand,Savar.","Present Address: Kamalghat Mazar Road,Sayed Monjil,(1st floor),purbi Mother Bari,po:GP0,ps:Sadarghat,Dist:Chattogram District: Dhaka","Permanent address:Vill+po=Kothuri,ps:Nawabgong,Dist:Dhaka. District: Dhaka",Dhaka,ঢাকা,"কোঠুরী, নবাবগঞ্জ, ঢাকা",112358,2214308267,Chattogram,2025,5.00,Higher Math,Biology,#taskinesty-112358-870.pdf,taskinesty-112358-870.pdf
9,141,1202526010141,Nafis Alam Tarif,মোঃ নাফিস আলম তারিফ,HSC - Science,Section A,A2,01738770330,20089418615108694,12-Oct-2008,O+,Male,Islam,tarifalam265@gmail.com,MD NUHED ALAM,মোঃ নূহেদ আলম,01718355400,3720050065,Teacher,41667,500000,MST NILUFA IRIN,মোছাঃ নিলুফা আইরিন,01773702633,6420038223,,"Bhangbari, Banglagar, Bachor, Ranisankal 5120 District: Thakurgaon","Bhangbari, Banglagar, Bachor, Ranisankal 5120 District: Thakurgaon",Thakurgaon,ঠাকুরগাঁও,"ভাঙ্গবাড়ি, রানীশংকৈল, ঠাকুরগাঁও",268583,2217803654,Dinajpur,2025,5.00,Higher Math,Biology,#nafis-268583-141.pdf,nafis-268583-141.pdf
10,882,1202526010882,Riasadul Islam Kayes,রিয়াসাদুল ইসলাম কায়েস,HSC - Science,Section F,F2,01629171207,2000822149952591,13-Dec-2008,A+,Male,Islam,riasadulislamkayes@gmail.com,MOHAMMAD ZAKARIA,সাইদুল কাদের,01610968370,6013094161,00,0,0,RASMIN AKTER,রেশমিন আক্তার,01328909453,6873191024,,"732, Purba Cha-bagan, Malumghat (4743), Chakaria, Cox'sbazar District: Coxs Bazar","732, Purba Cha-bagan, Malumghat (4743), Chakaria, Cox'sbazar District: Coxs Bazar",Cox's Bazar,কক্সবাজার,"মালুমঘাট, চকরিয়া, কক্সবাজার",125103,2214426999,Chattogram,2025,5.00,Higher Math,Biology,#kayes-1251031-882.pdf,kayes-1251031-882.pdf
11,223,1202526010223,Md. Jahidul Islam,মোঃ জাহিদুল ইসলাম,HSC - Science,Section B,B1,01828246239,2881766451,04-Apr-2006,O+,Male,Islam,jkjahidultaskin10@gmail.com,Khorshed Alam,খোরশেদ আলম,01828246239,1000485001,Farmer,0,0,Juosna Begum,জোৎস্না বেগম,,4150962522,,District: Narshingdi Subdistrict : Narshingdi Sadar Thanas: Madhabdi Post office : Chardigoldi District: Narsingdi,District: Narshingdi Subdistrict : Narshingdi Sadar Thanas: Madhabdi Post office : Chardigoldi District: Narsingdi,Narsingdi,নরসিংদী,"চরদিঘলদী, মাধবদী, নরসিংদী",402416,2218988796,Madrasah,2025,5.00,Biology,Higher Math,#jahidvay-402416-223.pdf,jahidvay-402416-223.pdf
12,195,1202526010195,Siam Hasan (Nator),সিয়াম হাসান,HSC - Science,Section B,B1,01577234944,20086914167108916,17-Dec-2008,B+,Male,Islam,siamhasananik01@gmail.com,Md. Sajedur Rahaman,মোঃ সাজেদুর রহমান,01761866285,6914167989475,Farmer,20833,250000,Mst. Onamika Khatun,মোছাঃ অনামিকা খাতুন,01804692801,6914167989476,"Mridul Hasan Jagannath University, Phone: 01742090524","Vill.: Mashinda Majhpara, PO: Shikarpur, PS: Gurudaspur District: Natore","Vill.: Mashinda Majhpara, PO: Shikarpur, PS: Gurudaspur District: Natore",Natore,নাটোর,"মশিন্দা মাঝপাড়া, গুরুদাসপুর, নাটোর",124282,2212668871,Rajshahi,2025,5.00,Higher Math,Statistics,#siamnator-124282-195.pdf,siamnator-124282-195.pdf
13,881,1202526010881,Md. Siam Ali (Kustia),মোঃ সিয়াম আলী,HSC - Science,Section F,F2,01705310841,20075017917100088,05-Oct-2007,O+,Male,Islam,,Md.Robiul Islam,মোঃ রবিউল ইসলাম,01705633292,5017917428460,Immigrant,0,0,Mst.Sultana Khatun,মোছাঃ সুলতানা খাতুন,,,,District:,"VILL: KHORDA AILCHARA , PO: KHORDA AILCHARA-7031, UPAZILA : KUSHTIA SADAR , DISTRICT: KUSHTIA District: Kushtia",Kushtia,কুষ্টিয়া,"খোরদা আইলচারা, কুষ্টিয়া সদর, কুষ্টিয়া",626628,2213592495,Jashore,2025,5.00,Higher Math,Biology,#siamkustia-626628-881.pdf,siamkustia-626628-881.pdf
14,322,1202526010322,Saimun Islam,মোঃ সাইমুন ইসলাম,HSC - Science,Section C,C1,01772589255,20078815094111289,15-Sep-2007,AB+,Male,Islam,,Md Abu Syed,মোঃ আবু সাঈদ,01772589255,19792699237986542,,0,0,Mst Sabina Yeasmin,মোছাঃ সাবিনা ইয়াসমিন,01716697822,5070418420,Mst Nurjahan 01763164433,"Pobnartek,Dhamsona,Savar,Dhaka District: Dhaka","Konabari,Rupsha,Kazipur,Sirajganj District: Sirajganj",Sirajganj,সিরাজগঞ্জ,"কোনাবাড়ী, কাজিপুর, সিরাজগঞ্জ",160603,2210583563,Rajshahi,2025,5.00,Higher Math,Biology,#saimun-160603-322.pdf,saimun-160603-322.pdf
15,863,1202526010863,Ratul Hassan Pranto,মোঃ রাতুল হাসান প্রান্ত,HSC - Science,Section F,F2,01995393323,20105017931020671,07-Feb-2010,O+,Male,Islam,ratulhasandc@gmail.com,MD. ALTAF HOSSEN,মোঃ আলতাফ হোসেন,01740924480,5057725680,BUSINESSMAN,20833,250000,LATE. NAZMUN NAHAR,মৃত নাজমুন নাহার,,,"MD. IKLACHUR RAHMAN Holding-3635,Shanti Nibash,Merajnagar,B-block, Rayerbag,Kodomtoli,Dhaka Mob: 01729767875","NOROHORIDIA, GOSWAMI DURGAPUR, KUSHTIA SADAR, KUSHTIA District: Kushtia","NOROHORIDIA, GOSWAMI DURGAPUR, KUSHTIA SADAR, KUSHTIA District: Kushtia",Kushtia,কুষ্টিয়া,"নরহরিদিয়া, কুষ্টিয়া সদর, কুষ্টিয়া",625936,2213576117,Jashore,2025,5.00,Higher Math,Biology,#pranto-625936-863.pdf,pranto-625936-863.pdf
16,639,1202526010639,Nayeem Sarwar,নাঈম সরওয়ার,HSC - Science,Section E,E1,01331198715,20105017956031586,31-Dec-2010,O+,Male,Islam,,ABU SHAID MD. GOLAM SORWAR,আবু সাঈদ মোঃ গোলাম সরওয়ার,01711985399,8676330411,Representative,0,0,SAMSUN NAHAR,সামসুননাহার,01735737581,,"Vill: College Para, PO: Alamdanga, PS: Alamdanga","Vill: College Para, PO: Alamdanga, PS: Alamdanga District: Chuadanga","Vill: College Para, PO: Alamdanga, PS: Alamdanga District: Chuadanga",Chuadanga,চুয়াডাঙ্গা,"কলেজ পাড়া, আলমডাঙ্গা, চুয়াডাঙ্গা",603084,2213415705,Jashore,2025,5.00,Higher Math,Biology,#neyem-603084-639.pdf,neyem-603084-639.pdf
17,140,1202526030140,Md. Alauddin Mollah,মোঃ আলাউদ্দিন মোল্লা,HSC - Humanities,N/A,N/A,01914476860,20096515247025076,09-Sep-2009,O+,Male,Islam,,MD. ISHAQUE MOLLAH,মোঃ ইসাহাক মোল্লা,01956324329,5070954507,Business,8000,96000,SUFEA,সুফিয়া,,5520955922,,"Village: Kalisongkorpur, Post Office: Joshobontopur, P/S: Mohammadpur, Dist: Magura District: Magura","Village: Kalisongkorpur, Post Office: Joshobontopur, P/S: Mohammadpur, Dist: Magura District: Magura",Magura,মাগুরা,"কালিশংকরপুর, মহম্মদপুর, মাগুরা",760532,2213529214,Jashore,2025,5.00,"Logic, Civics, History",Psychology,#alawddin-760532-140.pdf,alawddin-760532-140.pdf
18,872,1202526010872,Md. Rafiq Bin Nizam,মোঃ রফিক বিন নিজাম,HSC - Science,Section F,F2,01342909383,20085013994102055,24-Dec-2008,O+,Male,Islam,,MD. ZAFIRUL ISLAM,মোঃ জাফিরুল ইসলাম,01775208547,9123681554,TEACHER,8333,100000,MST. RABIA BASRY,মোছাঃ রাবিয়া বসরী,01342909383,3723494542,"MD. ZAFIRUL ISLAM RIFAITPUR, DAULATPUR, KUSHTIA","RIFAITPUR, DAULATPUR, KUSHTIA District: Kushtia","RIFAITPUR, DAULATPUR, KUSHTIA District: Kushtia",Kushtia,কুষ্টিয়া,"রিফায়েতপুর, দৌলতপুর, কুষ্টিয়া",621741,2213505414,Jashore,2025,5.00,Higher Math,Biology,#rafiq-621741-872.pdf,rafiq-621741-872.pdf
19,596,1202526010596,Tashfiqur Rahman Riyad,তাশফিকুর রহমান রিয়াদ,HSC - Science,Section D,D2,01732168077,20096716879108282,17-May-2009,B+,Male,Islam,tashfiqurrahmanriyad2009@gmail.com,Md. Masum Miah,মাসুম মিয়া,01732168077,8689534142,farmer,10833,130000,Tasmin Akter,তাসমিন আক্তার,01748492314,,,"purbachal, Rupganj, Narayanganj District: Narayanganj","purbachal, Rupganj, Narayanganj District: Narayanganj",Narayanganj,নারায়ণগঞ্জ,"পূর্বাচল, রূপগঞ্জ, নারায়ণগঞ্জ",223802,2210476765,Dhaka,2025,5.00,Higher Math,Biology,#riyad-223802-596.pdf,riyad-223802-596.pdf
20,332,1202526010332,Md. Chisty Islam Mosih,মোঃ চিশতী ইসলাম মসীহ,HSC - Science,Section C,C1,01320823354,20096914485110975,30-May-2009,A+,Male,Islam,,MD BOZLUR RAHMAN,মোঃ বজলুর রহমান,01763073516,4618270070,Tailor,0,0,MST AKHI BEGUM,মোছাঃ আঁখি বেগম,01763969259,9559018412,,"Village: Dokkin Lalpur, Post: Lalpur, P.S: Lalpur, District: Natore. District: Natore","Village: Dokkin Lalpur, Post: Lalpur, P.S: Lalpur, District: Natore. District: Natore",Natore,নাটোর,"দক্ষিণ লালপুর, লালপুর, নাটোর",120725,2212669969,Rajshahi,2025,5.00,Higher Math,Biology,#mosih-120725-332.pdf,mosih-120725-332.pdf
21,200,1202526010200,Md. Ahanaf Abrar,মোঃ আহনাফ আবরার,HSC - Science,Section B,B1,01515288692,20094418018103983,01-Jan-2009,B+,Male,Islam,abrarislam0723@gmail.com,MD. JAHANGIR HOSSAIN,মোঃ জাহাঙ্গীর হোসেন,01723510651,3713137051,Teacher,17500,210000,MST. JOLY KHATUN,মোছাঃ জলি খাতুন,01754433313,2389501806,"MD. SERAJUS SALEKIN PORAG 429/B Malibag Chowdhury para, Near by Matir Mosjid, Opposite side of walton service point, Rampura, Dhaka, Phone: 01915336051","429/B Malibag Chowdhury para, Near by Matir Mosjid, Opposite side of walton service point, Rampura, Dhaka District: Dhaka","Village: Dhawra, P.O: Dhawra(7320), P.S: Shailkupa District: Jhenaidah",Jhenaidah,ঝিনাইদহ,"ধৌড়া, শৈলকুপা, ঝিনাইদহ",638769,2213474821,Jashore,2025,5.00,Higher Math,Biology,#abrar-638769-200.pdf,abrar-638769-200.pdf
22,100,1202526020100,M M Tanvir (Rudro),এম এম তানভীর (রুদ্র),HSC - Business Studies,N/A,N/A,01516547125,20087618317037989,04-Jun-2008,B+,Male,Islam,,MD RAFIQUL ISLAM,মোঃ রফিকুল ইসলাম,01751723978,7300868689,TECAHER,35500,426000,MST TASLIMA KHATUN SUFIA,মোছাঃ তাসলিমা খাতুন সুফিয়া,01714526234,1900860469,,"BONKOLA, BONKOLA-6662, SUJANAGAR, PABNA District: Pabna","BOALIA, AHAMMADPUR-6682, SUJANAGAR, PABNA District: Pabna",Pabna,পাবনা,"বোয়ালিয়া, সুজানগর, পাবনা",146693,2212728447,Rajshahi,2025,5.00,"Finance, Banking & Insurance",Statistics,#rudro-146693-100.pdf,rudro-146693-100.pdf
23,337,1202526010337,Sobhan Mahmud Khan (Riasad),সোবহান মাহমুদ খান (রিয়াসাদ),HSC - Science,Section C,C1,01922407329,20095013967110300,26-Jul-2009,O+,Male,Islam,,MAHABUB KHAN,মাহাবুব খাঁন,01739269792,5534048573,Business,20833,250000,MST LUTHFUNNAHAR SHIMU,মোসাঃ লুৎফুন্নাহার শিমু,01400924562,19845013967914142,"ABUL KALAM AZAD MUKDA, MOTIJIL, DHAKA, 01722337139","NOTUN AMDOHO ALLARDARGA, DAULATPUR District: Kushtia","NOTUN AMDOHO ALLARDARGA, DAULATPUR District: Kushtia",Kushtia,কুষ্টিয়া,"নতুন আমদহ, দৌলতপুর, কুষ্টিয়া",625467,2213518137,Jashore,2025,5.00,Biology,Higher Math,#riasad-625467-337.pdf,riasad-625467-337.pdf
24,213,1202526010213,Mahbubur Rahman Musa,মাহবুবুর রহমান মুসা,HSC - Science,Section B,B1,01603359325,20094218440000509,10-Apr-2009,A+,Male,Islam,mahbuburrahmanmusa99@gmail.com,MD MIJANUR RAHMAN,মোঃ মিজানুর রহমান,01718450916,5988867577,Teacher,0,0,JESMIN AKTER,জেসমিন আক্তার,01735017728,3736866298,"Mahabuba Rahman Nabila বাঘড়ী, রাজাপুর,, ঝালকািঠ, বিরশাল, ঢাকা, বাংলােদশ।","বাঘড়ী, রাজাপুর,, ঝালকািঠ, বিরশাল, ঢাকা, বাংলােদশ। District: Jhalakati","বাঘড়ী, রাজাপুর,, ঝালকািঠ, বিরশাল, ঢাকা, বাংলােদশ। District: Jhalakati",Jhalakathi,ঝালকাঠি,"বাঘড়ী, রাজাপুর, ঝালকাঠি",425780,2218729335,Madrasah,2025,5.00,Higher Math,Biology,#musa-425780-213.pdf,musa-425780-213.pdf
25,050,1202526010050,Ariful Islam,মোঃ আরিফুল ইসলাম,HSC - Science,Section A,A1,01848631025,20097024406005812,21-Sep-2009,O+,Male,Islam,arifulislam20238086@gmail.com,M. AZIZUL ISLAM,মোঃ আজিজুল ইসলাম,01738114130,5526854657,Farmer,7000,84000,MST NAZMA BEGUM,মোসাঃ নাজমা বেগম,01798720802,6876859635,"M. NAJMUL ISLAM 121/1,Dewan palace, West Agargaon, Dhaka (1207) Phone number :01752588234","P.M COLLEGE PARA, ROHANPUR (6320), Rahanpur Paurashava,Gomastapur,Chapainawabganj District: Nawabganj","P.M COLLEGE PARA, ROHANPUR (6320), Rahanpur Paurashava,Gomastapur,Chapainawabganj District: Nawabganj",Chapai Nawabganj,চাঁপাইনবাবগঞ্জ,"রহনপুর, গোমস্তাপুর, চাঁপাইনবাবগঞ্জ",116995,2212651048,Rajshahi,2025,5.00,Biology,Higher Math,#ariful-116995-050.pdf,ariful-116995-050.pdf
26,098,1202526030098,Md Rezaul Karim,মোঃ রেজাউল করিম,HSC - Humanities,N/A,N/A,01641659606,20081919477101846,10-Sep-2008,A+,Male,Islam,rkdc8989@gmail.com,TOFAZZOL HOSSEN,তোফাজ্জল হোসেন,01820098153,1918131647683,,0,0,MST RANU BEGUM,মোসাঃ রানু বেগম,,1918131647683,,"VILLAGE: TULAKANDI, POST OFFICE: NARANDIA-3519, POLICE STATION: TITAS District: Comilla","VILLAGE: TULAKANDI, POST OFFICE: NARANDIA-3519, POLICE STATION: TITAS District: Comilla",Cumilla,কুমিল্লা,"তুলাকান্দি, তিতাস, কুমিল্লা",164810,2211189763,Cumilla,2025,5.00,"Geography, Economics, Civics",Psychology,#rejawl-164810-098.pdf,rejawl-164810-098.pdf
27,171,1202526010171,Muhammad Rayhanoor Sabit,মুহাম্মদ রায়হানুর সাবিত,HSC - Science,Section B,B1,01852223068,20096515223030788,11-Feb-2009,AB+,Male,Islam,,Md. Abul Kasham,মোঃ আবুল কাশেম,01971444941,5087319975,Farmer,6000,72000,Mst. Salma Begum,মোছাঃ সালমা বেগম,,,,District:,"Marich Pasha, Lohagara District: Narail",Narail,নড়াইল,"মরিচ পাশা, লোহাগড়া, নড়াইল",633221,2213550272,Jashore,2025,5.00,Higher Math,Biology,#sabit-633221-171.pdf,sabit-633221-171.pdf
28,153,1202526010153,Alimuzzamann Alif,মোঃ আলিমুজ্জামান আলিফ,HSC - Science,Section B,B1,01758173284,20083219175113917,11-Nov-2008,AB+,Male,Islam,mdalimuzzamanalif890@gmail.com,MD. NUR ZAMAN MIA,মোঃ নুর জামান মিয়া,01717909568,2819190592,Clerk,41667,500000,MST. AYESHA SIDDIKA,মোছাঃ আয়েশা সিদ্দিকা,01761206311,4619557699,"MD NAZMUL HAQUE Dhaka Cantonment, Dhaka Cell: 01722823703","Purbo Bach Hati, Ramganj, Sarbananda, Sundarganj, Gaibandha. District: Gaibandha","Purbo Bach Hati, Ramganj, Sarbananda, Sundarganj, Gaibandha. District: Gaibandha",Gaibandha,গাইবান্ধা,"পূর্ব বাচহাটি, সুন্দরগঞ্জ, গাইবান্ধা",211619,2217656386,Dinajpur,2025,5.00,Biology,Higher Math,#alif-211619-153.pdf,alif-211619-153.pdf
