\এইচএসসি ২৬ ম্যাথ সকল সাইকেল:,এইচএসসি ২৬ ফিজিক্স সকল সাইকেল:,এইচএসসি ২৬ কেমিস্ট্রি সকল সাইকেল:,,name,link,photo namee ,name,link,photo namee ,name,link,photo namee 
,,,,BP HSC 27 CHEMISTRY CYCLE 1,https://t.me/BPHSC27md,bp1.jpg,ACS PHYSICS CYCLE - 1 hsc 27,https://t.me/ACSphysicsCycel1,ascp1.jpg,27 ACS Math Cycle 1,https://t.me/acs_math_1,acsm1.jpg
ACS HSC 26 Math Cycle 1,ACS HSC 26 Physics Cycle 1,ACS HSC 26 Chemistry Cycle 1,,BP HSC 27 CHEMISTRY CYCLE 2,https://t.me/bp27chemistry,bp2.jpg,27 ( ACS Physics Cycle 2 ),https://t.me/HSC2027_ACS_Physics_Cycle_2,ascp2.jpg,27 ( ACS Math Cycle 2 ),https://t.me/HSC_27_ACS_Math_Cycle_2,acsm2.jpg
https://t.me/+2VXPpBsl1MdjMDBl,https://t.me/+-QWIZo1ntN5kNDk1,https://t.me/+aT_4NDxrWNsyZmE1,,BP HSC 27 CHEMISTRY CYCLE 3,https://t.me/bpchemi,bp3.jpg,ACS PHYSICS CYCLE 3(STUDY POINT) hsc 27,https://t.me/acsphysicscycle03,ascp3.jpg,ACS MATH CYCLE 3 HSC (27),https://t.me/llahjsjhsi,acsm3.jpg
acsm271.jpg,acsp271.jpg,acsc271.jpg,,HSC 26 BP CHEMISTRY CYCLE -04,https://web.telegram.org/k/#-3488370224,bp4.jpg,HSC 27 ACS PHYSICS CYCLE 4,https://t.me/acsphysicscyclee4,acsp4.jpg,4,will be added,acsm4.jpg
ACS HSC 26 Math Cycle 2,ACS HSC 26 Physics Cycle 2,ACS HSC 26 Chemistry Cycle 2,,HSC 27 BP CHEMISTRY CYCLE -04,will be added,,cylce 5 ,will be add,acsp5.jpg,5,will be added,acsm5.jpg
https://t.me/+AKlmN65bcCIwYmU9,https://t.me/+DSgAwYTl0VhhNjJl,https://t.me/+WMFoMaQCeIw1ZjI1,,,,,cycle 6,will be add,acsp6.jpg,6,will be added,acsm6.jpg
acsm272.jpg,acsp272.jpg,acsc272.jpg,,BP Engineering Chemistry 25,https://t.me/saikatengichemimdboss,bpe.jpg,,,,,,
ACS HSC 26 Math Cycle 3,ACS HSC 26 Physics Cycle 3,ACS HSC 26 Chemistry Cycle 3,,,,,,,,,,
https://t.me/+uE6cs8JGS-w2Yzc9,https://t.me/+bIoHfJ0RfZQ0NWU1,https://t.me/+enNLBAC5UIszYTg9,,,,,,,,,,
acsm273.jpg,acsp273.jpg,acsc273.jpg,,,,,,,,,,
ACS HSC 26 Math Cycle 4,ACS HSC 26 Physics Cycle 4,ACS HSC 26 Chemistry Cycle 4,,,,,,,,,,
https://t.me/acsphysicscycle4mdtheboss,https://t.me/+-UDY-kiJO1U1NzQ1,https://t.me/+0xcq7sgbCBYzZmJl,,,,,,,,,,
acsm274.jpg,acsp274.jpg,acsc274.jpg,,,,,,,,,,
ACS HSC 26 Math Cycle 5,ACS HSC 26 Physics Cycle 5,ACS HSC 26 Chemistry Cycle 5,,,,,,,,,,
https://t.me/+-LzfFNTc5uwzNzk1,https://t.me/+VzxBnjP6kIc0Yzc1,https://t.me/+21g9ahKbXgRhMzg9,,,,,,,,,,
acsm275.jpg,acsp275.jpg,acsc275.jpg,,,,,,,,,,
ACS HSC 26 Math Cycle 6,ACS HSC 26 Physics Cycle 6,,,,,,,,,,,
https://t.me/+TELwxJaSjexlYzU1,https://t.me/+1HpBZ3r4Do84NjFl,,,,,,,,,,,
acsm276.jpg,acsp274.jpg,,,,,,,,,,,